horizon,pm25_pred,no2_pred,aqi,pm25_index,no2_index
1,5.183089256286621,0.4660783112049103,21.596205234527588,21.596205234527588,0.43969652000463233
3,5.152861595153809,0.4894545376300812,21.470256646474205,21.470256646474205,0.46174956380196336
