horizon,pm25_pred,no2_pred,aqi,pm25_index,no2_index
1,5.2241740226745605,0.4742129445075989,21.767391761144005,21.767391761144005,0.44737070236565935
3,5.368814468383789,0.4604109823703766,22.370060284932457,22.370060284932457,0.4343499833682798
