horizon,pm25_pred,no2_pred,pm25_index,no2_index,aqi
1,5.365385396772309,0.5111252102265095,22.355772486551288,2.1296883759437897,22.355772486551288
3,5.122316943477792,0.5250214710867481,21.3429872644908,2.1875894628614505,21.3429872644908
