horizon,pm25_pred,no2_pred,aqi,pm25_index,no2_index
1,5.0944437980651855,0.49699026346206665,21.226849158604942,21.226849158604942,0.46885873911515724
3,5.279027938842773,0.46695128083229065,21.995949745178223,21.995949745178223,0.440520076256878
