horizon,pm25_pred,no2_pred,sydney_wsp_1h_average_m_s_pred,sydney_temp_1h_average_c_pred,pm25_index,no2_index,aqi
1,0.4367257076411786,0.0918064177128442,1.0751848401078123,18.216242637567838,1.8196904485049108,0.0866098280309851,1.8196904485049108
3,1.1100402253718493,0.37028404663397885,0.9447686890228283,17.459804138072904,4.625167605716039,0.34932457229620645,4.625167605716039
