pollutant,horizon,rf_rmse,xgb_rmse
pm25,1,1.8815674081875065,1.9979811824736204
pm25,3,2.5861147623317624,2.6777348197803676
no2,1,0.13248306620844982,0.1210424745013005
no2,3,0.20749426272147006,0.1976827450150825
