pollutant,horizon,rf_rmse,xgb_rmse
pm25,1,1.876387739682504,1.961103920945897
pm25,3,2.600481823114734,2.6267447214715807
no2,1,0.13079965946112707,0.11633774322553013
no2,3,0.20525410799357446,0.19275070983075354
