model,target,horizon,mse,r2
lin,pm25,1,1.8374267786564502,0.8873652925586687
lin,pm25,3,5.240238195143227,0.6789373934225718
lin,no2,1,0.014030607624741,0.8823474566594525
lin,no2,3,0.05460570026734744,0.5418221117389226
