target,horizon,mse,r2,scope
sydney_wsp_1h_average_m_s,1,0.053626689196998624,0.9192175980617002,city
sydney_wsp_1h_average_m_s,3,0.178074899950646,0.7318395409631446,city
sydney_temp_1h_average_c,1,0.34263039249177446,0.9801787494497329,city
sydney_temp_1h_average_c,3,1.732732856940803,0.8998198718244315,city
