suburb,pollutant,horizon,mse,r2
sydney,pm25,1,1.708276909269963,0.8952822108943588
sydney,pm25,3,5.916557913100357,0.6375001603349081
sydney,no2,1,0.009459579988700336,0.9206774450280099
sydney,no2,3,0.053642712858613995,0.5499022120800099
